Sense_siRNA_Gibbs_Free_Energy,Antisense_siRNA_Gibbs_Free_Energy,LaRosa_Gibbs_Free_Energy,Anisense_siRNA_sequence,Sense_siRNA_matching_mRNA_sequence,Antisense_siRNA_matching_mRNA_sequence
-4.9,-16.17,-4.9,CUAAUAUGUUAAUUGAUUUAU,UGUUAAUU,AUAAAUCAAUUAACAUAUUAG
-5.28,-20.44,-5.28,AAGUUACAUAAGAUUCCAUUU,CCAUU,AAAUGGAAUCUUAUGUAACU
-5.7,-26.35,-5.7,CACACUCAGGAGAAUGGUCCU,GCAAGGGGAAGGAUC,AGGACCAUUCUCCUGAGUGUG
-6.89,-27.3,-6.89,AACUGCAAUUUCUGGGGCAGU,UCUGGGGC,ACUGCCCCAGAAAUUGCAGUU
-10.16,-31.87,-10.16,UGCAAUUUCUGGGGCAGUAGU,UCUGGGGC,ACUACUGCCCCAGAAAUUGCA
-9.77,-33.02,-9.77,UGGGGCAGUAGUAGGAUAUGU,UGGCUGGCAGUGG,ACAUAUCCUACUACUGCCCCA
-6.27,-28.34,-6.27,CAGUAGUAGGAUAUGUGAUAG,GGUAUGUGGAG,CUAUCACAUAUCCUACUACU
-7.88,-22.36,-7.88,AUAUGUGAUAGGAAUGUCAAA,AGGAAUGU,UUGACAUUCCUAUCACAUAU
-7.78,-27.31,-7.78,GAUAGGAAUGUCAAACUCGAU,AGGAAGGAACUCGGU,AUCGAGUUUGACAUUCCUAUC
-6.78,-27.39,-6.78,UCAAACUCGAUGUCAAACUCA,CAAAUUUGGACUAGCUCA,UGAGUUUGACAUCGAGUUUGA
-4.26,-26.53,-4.26,GAUGUCAAACUCAUAUUUCAG,UGACGGAUCAUUUCA,CUGAAAUAUGAGUUUGACAUC
-4.25,-27.02,-4.25,AUGUCAAACUCAUAUUUCAGG,UGACGGAUCAUUUCA,CCUGAAAUAUGAGUUUGAC
-9.98,-29.8,-9.98,AACUCAUAUUUCAGGAGGUCA,AGGAGG,UGACCUCCUGAAAUAUGAGUU
-7.28,-25.19,-7.28,CAGGAGAAUGGUCCUGACGUU,AGGGGAAGGAUCGGGAGU,AACGUCAGGACCAUUCUCCUG
-10.37,-32.91,-10.37,CAGGAGGUCAUGGAUAUACCA,AGGAGG,GGUAUAUCCAUGACCUCCUG
-8.54,-34.41,-8.54,GGAGGUCAUGGAUAUACCAGC,AUGGAAAGACAGC,GCUGGUAUAUCCAUGACCUCC
-9.95,-25.65,-9.95,AUAUACCAGCAUUUUCCAAAC,AUGCUGGUAUAUCCAUGAC,GUUUGGAAAAUGCUGGUAUAU
-15.07,-28.2,-15.07,UUUCCAAACCACCGAGUUCCU,CCGGACCCCGAGAUC,AGGAACUCGGUGGUUUGGAAA
-13.98,-30.72,-13.98,CCAAACCACCGAGUUCCUUCC,CCGGACCCCGAGAUC,GGAAGGAACUCGGUGGUUUGG
-12.29,-28.7,-12.29,AACCACCGAGUUCCUUCCUUG,CAUCGAGUUUGACAUUCCU,CAAGGAAGGAACUCGGUGGU
-6.91,-27.91,-6.91,GUUCCUUCCUUGUUGGACUCC,GUUCCGACUGGAGUCC,GGAGUCCAACAAGGAAGGAAC
-7.09,-30.03,-7.09,CUUCCUUGUUGGACUCCAGUC,UUCCGACUGGAGUCCA,GACUGGAGUCCAACAAGGAA
-4.44,-27.9,-4.44,UGGACUCCAGUCGGAACCAAU,UGGAGUCCAACAAGGAA,AUUGGUUCCGACUGGAGUCCA
-8.24,-31.0,-8.24,UCGGAACCAAUCGUUGUCAGC,CGAGAUCGUGAGUUGU,GCUGACAACGAUUGGUUCCGA
-8.72,-27.92,-8.72,AGGAGAAUGGUCCUGACGUUC,AGGGGAAGGAUCGGGAGU,GAACGUCAGGACCAUUCUCCU
-6.5,-31.37,-6.5,GGAACCAAUCGUUGUCAGCAU,GGACCCCGAGAUCGUGAGUUGU,AUGCUGACAACGAUUGGUUCC
-5.56,-30.81,-5.56,CGUUGUCAGCAUUCUUGUUGU,CAGCA,ACAACAAGAAUGCUGACAACG
-5.57,-28.79,-5.57,UUGUCAGCAUUCUUGUUGUUC,CAGCA,GAACAACAAGAAUGCUGACAA
-5.9,-27.49,-5.9,CAUUCUUGUUGUUCUCCACAU,CUCC,AUGUGGAGAACAACAAGAAUG
-6.3,-30.83,-6.3,GUUGUUCUCCACAUACCGGAU,CACAUAUC,AUCCGGUAUGUGGAGAACAAC
-6.34,-29.25,-6.34,UCUCCACAUACCGGAUAAGGG,CACAUAUC,CCUUAUCCGGUAUGUGGAGA
-6.42,-25.96,-6.42,ACAUACCGGAUAAGGGACUGA,AUGCUGGUAUA,UCAGUCCCUUAUCCGGUAUGU
-6.78,-25.73,-6.78,CAUACCGGAUAAGGGACUGAU,AUGCUGGUAUA,AUCAGUCCCUUAUCCGGUAUG
-6.58,-25.27,-6.58,AUACCGGAUAAGGGACUGAUA,GGGUGCAGCGACUGA,UAUCAGUCCCUUAUCCGGUAU
-6.82,-25.86,-6.82,UACCGGAUAAGGGACUGAUAU,GCUGGUAU,AUAUCAGUCCCUUAUCCGGUA
-9.78,-29.82,-9.78,CUGACGUUCUGCGUGGGGUUC,GAGUACUGCGUG,AACCCCACGCAGAACGUCAG
-10.12,-26.87,-10.12,CUGAUAUUCCUCCUUCAGUCG,CCUCCU,CGACUGAAGGAGGAAUAUCAG
-10.07,-28.69,-10.07,AUAUUCCUCCUUCAGUCGCUG,CCUCCU,CAGCGACUGAAGGAGGAAUAU
-10.09,-31.3,-10.09,UAUUCCUCCUUCAGUCGCUGC,CCUCCU,GCAGCGACUGAAGGAGGAAUA
-10.09,-31.65,-10.09,AUUCCUCCUUCAGUCGCUGCA,CCUCCU,GCAGCGACUGAAGGAGGAAU
-7.14,-33.46,-7.14,UCCUUCAGUCGCUGCACCCAC,UCAGUCCCUUAUCC,GUGGGUGCAGCGACUGAAGGA
-6.85,-32.88,-6.85,AGUCGCUGCACCCACAACUCA,UGCAACC,UGAGUUGUGGGUGCAGCGACU
-9.67,-39.26,-9.67,UCACGAUCUCGGGGUCCGGCG,GAACUCGGUGGUUUGG,CGCCGGACCCCGAGAUCGUGA
-5.51,-26.95,-5.51,UUUCUUUUCUAUGCCUACUAG,CCUGC,CUAGUAGGCAUAGAAAAGAAA
-7.92,-30.47,-7.92,CUUUUCUAUGCCUACUAGCUG,CCUGCGAGCU,CAGCUAGUAGGCAUAGAAAAG
-8.26,-33.87,-8.26,UACUAGCUGACUGGCCUUCCU,GGCUGAUGAGG,AGGAAGGCCAGUCAGCUAGUA
-4.85,-31.09,-4.85,UCUGCGUGGGGUUCCACCUCU,GGGG,AGAGGUGGAACCCCACGCAGA
-7.02,-29.62,-7.02,CCUUCCUUUUCUGUGUUGAGU,CUGUGUUGA,ACUCAACACAGAAAAGGAAGG
-4.3,-29.07,-4.3,UGUUGAGUUGUGUACUCUGGA,CUGGA,UCCAGAGUACACAACUCAACA
-6.14,-28.27,-6.14,UUGUGUACUCUGGAGUCACCA,CUGGA,UGGUGACUCCAGAGUACACAA
-4.38,-31.0,-4.38,GUGUACUCUGGAGUCACCAGC,ACAGUGGACAGAGAAGC,GCUGGUGACUCCAGAGUACAC
-4.86,-27.18,-4.86,GUCACCAGCCUCUGGUAGAUU,GCCAGCCUUCCUCAAGA,AAUCUACCAGAGGCUGGUGAC
-4.91,-25.91,-4.91,UCACCAGCCUCUGGUAGAUUA,GCCAGCCUUCCUCAAGA,UAAUCUACCAGAGGCUGGUGA
-9.75,-28.02,-9.75,CUCUGGUAGAUUAUCAAGCAU,GUGGACAGAGAAGCAU,AUGCUUGAUAAUCUACCAGAG
-5.64,-27.0,-5.64,AGAUUAUCAAGCAUCUCUUCC,CAGGCAUC,GGAAGAGAUGCUUGAUAAUCU
-6.72,-28.68,-6.72,GAUUAUCAAGCAUCUCUUCCU,CAGGCAUC,AGGAAGAGAUGCUUGAUAAUC
-10.21,-28.74,-10.21,UUAUCAAGCAUCUCUUCCUCA,UAAGCCAGCCUUCCUCA,UGAGGAAGAGAUGCUUGAUAA
-13.56,-32.27,-13.56,CCACCUCUCUGAGGGCAGCUC,CACCUACUACGAGGGCGGCU,AGCUGCCCUCAGAGAGGUGG
-9.91,-29.91,-9.91,AUCAAGCAUCUCUUCCUCAUC,UAAGCCAGCCUUCCUCA,GAUGAGGAAGAGAUGCUUGAU
-10.05,-30.44,-10.05,CAAGCAUCUCUUCCUCAUCAG,UAAGCCAGCCUUCCUCA,CUGAUGAGGAAGAGAUGCUUG
-11.44,-34.37,-11.44,GCAUCUCUUCCUCAUCAGCCU,CCUCUAUUCAGCU,AGGCUGAUGAGGAAGAGAUGC
-10.4,-34.83,-10.4,UUUCUGUCUUGCAUGCUUCUC,GCAUGC,GAGAAGCAUGCAAGACAGAAA
-6.44,-34.0,-6.44,CUGUCCACUGUCUGGCAUUCU,CCGCUCAUGGC,AGAAUGCCAGACAGUGGACAG
-7.39,-33.64,-7.39,GUCCACUGUCUGGCAUUCUUG,CCGCUCAUGGC,CAAGAAUGCCAGACAGUGGAC
-13.09,-31.46,-13.09,UCUGGCAUUCUUGAGGAAGGC,GGCUGAUGAGGAAG,GCCUUCCUCAAGAAUGCCAGA
-6.85,-25.13,-6.85,AUUAUAUUUAAAUUCUGAGGA,UGAGGA,UCCUCAGAAUUUAAAUAUAAU
-8.54,-27.21,-8.54,UUAAAUUCUGAGGAUAUGUCA,AGGAUUUGUC,GACAUAUCCUCAGAAUUUAA
-7.32,-35.56,-7.32,AGCCAUGAGCGGGUCAUCAGG,GCCAGACAGUGG,CCUGAUGACCCGCUCAUGGCU
-5.3,-23.84,-5.3,GGUCGUCCACCGGCGGGUGGA,GGC,CCACCCGCCGGUGGACGACC
-6.55,-35.98,-6.55,CCAUGAGCGGGUCAUCAGGGU,CCUGCGAGCUCAAAUAUUAGG,ACCCUGAUGACCCGCUCAUGG
-7.73,-36.6,-7.73,CAUGAGCGGGUCAUCAGGGUU,GAGCUCAAAUAUUAGG,AACCCUGAUGACCCGCUCAUG
-8.09,-36.63,-8.09,AUGAGCGGGUCAUCAGGGUUG,GAGCUCAAAUAUUAGG,CAACCCUGAUGACCCGCUCAU
-5.97,-38.72,-5.97,GGGUCAUCAGGGUUGGGUUCU,GUUAUCA,AGAACCCAACCCUGAUGACCC
-10.07,-32.75,-10.07,UGGGUUCUGACAUGAGCAGCU,GACAGAGAAGC,AGCUGCUCAUGUCAGAACCCA
-10.07,-32.3,-10.07,GGUUCUGACAUGAGCAGCUGA,GACAGAGAAGC,UCAGCUGCUCAUGUCAGAACC
-8.45,-30.48,-8.45,GCAGCUGAAUAGAGGUCAACA,GGCUGAUGAGG,GUUGACCUCUAUUCAGCUGC
-10.21,-30.46,-10.21,UAGAGGUCAACACAGUUGCGA,AGAGUACACAACUCAACACAG,UCGCAACUGUGUUGACCUCUA
-8.89,-29.95,-8.89,GGUCAACACAGUUGCGAUGUU,GUGGACAGAGAAGCAUG,AACAUCGCAACUGUGUUGACC
-7.42,-29.33,-7.42,AACACAGUUGCGAUGUUGAGG,AACAAAAGGCUGAUGAGG,CCUCAACAUCGCAACUGUGUU
-5.3,-23.14,-5.3,GUCGUCCACCGGCGGGUGGAG,GGC,CUCCACCCGCCGGUGGACGAC
-7.71,-32.42,-7.71,ACAGUUGCGAUGUUGAGGGAU,ACAGAAACAAAAGGCUGAUGAGG,AUCCCUCAACAUCGCAACUGU
-7.56,-31.84,-7.56,GGGAUGGUCUCCAAGCACCUU,CUGCGAGC,AAGGUGCUUGGAGACCAUCCC
-7.64,-29.27,-7.64,GGAUGGUCUCCAAGCACCUUU,CUGCGAGC,AAAGGUGCUUGGAGACCAUCC
-7.68,-27.37,-7.68,GAUGGUCUCCAAGCACCUUUU,CUGCGAGC,AAAAGGUGCUUGGAGACCAUC
-6.99,-25.46,-6.99,GUCUCCAAGCACCUUUUGGUG,CUCCAA,CACCAAAAGGUGCUUGGAGAC
-2.56,-21.66,-2.56,AGCACCUUUUGGUGGCAAUUU,GGCAUCACAUGUUGGCAA,AAAUUGCCACCAAAAGGUGCU
-8.81,-26.08,-8.81,CUUUUGGUGGCAAUUUGAGAA,GUGGACAGAGAA,UUCUCAAAUUGCCACCAAAAG
-11.27,-22.56,-11.27,UGGUGGCAAUUUGAGAACAUC,GUGGACAGAGAAGCAU,GUUCUCAAAUUGCCACCA
-10.88,-23.96,-10.88,GGCAAUUUGAGAACAUCCAGA,GAGAAGCAUGCAAGA,UCUGGAUGUUCUCAAAUUGCC
-15.2,-22.42,-15.2,CAAUUUGAGAACAUCCAGACA,GAGAAGCAUGCAAGACA,UGUCUGGAUGUUCUCAAAUUG
-9.77,-32.83,-9.77,CGUAGAUGUUAGGGUGCCACA,GGUGCCCAC,UGUGGCACCCUAACAUCUACG
-15.26,-26.5,-15.26,GAGAACAUCCAGACAAAUCCU,GAGAAGCAUGCAAGACAGA,AGGAUUUGUCUGGAUGUUCUC
-11.6,-21.64,-11.6,AACAUCCAGACAAAUCCUUCC,AGCAUGCAAGACAGA,GGAAGGAUUUGUCUGGAUGU
-8.31,-23.8,-8.31,CAUCCAGACAAAUCCUUCCAG,GACAUAUCCUCAG,CUGGAAGGAUUUGUCUGGAUG
-8.75,-28.88,-8.75,GACAAAUCCUUCCAGCAGAAU,GACAUAUCCUCAGAAU,AUUCUGCUGGAAGGAUUUGUC
-6.57,-27.19,-6.57,AAUCCUUCCAGCAGAAUCAAU,CCUUCCUCAAGAAU,UUGAUUCUGCUGGAAGGAUU
-5.2,-22.91,-5.2,AAUCAAUGUUUGGAUGAUAAA,AUCACAUGUUGGCAAGAUAAA,UUUAUCAUCCAAACAUUGAUU
-9.41,-27.97,-9.41,UGUUUGGAUGAUAAAUUGGAG,GGCUGAUGAGGAAGAG,CUCCAAUUUAUCAUCCAAACA
-9.41,-27.83,-9.41,UUUGGAUGAUAAAUUGGAGUG,GGCUGAUGAGGAAGAG,CACUCCAAUUUAUCAUCCAA
-8.65,-31.92,-8.65,GGAUGAUAAAUUGGAGUGAGA,GGCUGAUGAGGAAGAG,UCUCACUCCAAUUUAUCAUCC
